{"cameraMode":{"drawMode":0,"name":"Shaded","section":"Shading Mode"},"sceneLighting":false,"audioPlay":false,"sceneViewState":{"m_AlwaysRefresh":false,"showFog":true,"showSkybox":false,"showFlares":true,"showImageEffects":true,"showParticleSystems":true,"showVisualEffectGraphs":true,"m_FxEnabled":true},"in2DMode":false,"pivot":{"x":0.26618731021881106,"y":0.09322430193424225,"z":0.23108184337615968},"rotation":{"x":-0.014398740604519844,"y":0.9722074866294861,"z":-0.05359109491109848,"w":-0.22986401617527009},"size":0.20174269378185273,"orthographic":false}