{"cameraMode":{"drawMode":0,"name":"Shaded","section":"Shading Mode"},"sceneLighting":false,"audioPlay":false,"sceneViewState":{"m_AlwaysRefresh":false,"showFog":true,"showSkybox":false,"showFlares":true,"showImageEffects":true,"showParticleSystems":true,"showVisualEffectGraphs":true,"m_FxEnabled":true},"in2DMode":false,"pivot":{"x":2.353384017944336,"y":2.570815324783325,"z":2.980994701385498},"rotation":{"x":0.098530612885952,"y":-0.9015330672264099,"z":0.29314133524894717,"w":0.30279937386512759},"size":0.000017320508050033823,"orthographic":false}