{"cameraMode":{"drawMode":0,"name":"Shaded","section":"Shading Mode"},"sceneLighting":false,"audioPlay":false,"sceneViewState":{"m_AlwaysRefresh":false,"showFog":true,"showSkybox":false,"showFlares":true,"showImageEffects":true,"showParticleSystems":true,"showVisualEffectGraphs":true,"m_FxEnabled":true},"in2DMode":false,"pivot":{"x":-1.1311655044555665,"y":0.2865299880504608,"z":1.74064302444458},"rotation":{"x":-0.02379411645233631,"y":-0.9319729804992676,"z":0.06247355043888092,"w":-0.35647138953208926},"size":0.000017320508050033823,"orthographic":false}