{"cameraMode":{"drawMode":0,"name":"Shaded","section":"Shading Mode"},"sceneLighting":false,"audioPlay":false,"sceneViewState":{"m_AlwaysRefresh":false,"showFog":true,"showSkybox":false,"showFlares":true,"showImageEffects":true,"showParticleSystems":true,"showVisualEffectGraphs":true,"m_FxEnabled":true},"in2DMode":false,"pivot":{"x":-3.4576165676116945,"y":0.9376440048217773,"z":2.7613985538482668},"rotation":{"x":-0.03249752148985863,"y":-0.8824144005775452,"z":0.06182360276579857,"w":-0.4653807580471039},"size":0.000017320508050033823,"orthographic":false}