{"cameraMode":{"drawMode":0,"name":"Shaded","section":"Shading Mode"},"sceneLighting":false,"audioPlay":false,"sceneViewState":{"m_AlwaysRefresh":false,"showFog":true,"showSkybox":false,"showFlares":true,"showImageEffects":true,"showParticleSystems":true,"showVisualEffectGraphs":true,"m_FxEnabled":true},"in2DMode":false,"pivot":{"x":-2.7093265056610109,"y":1.1699442863464356,"z":-1.1314753293991089},"rotation":{"x":0.1298014521598816,"y":0.5252870917320252,"z":-0.08155577629804611,"w":0.8370447754859924},"size":0.000017320508050033823,"orthographic":false}